<?xml version="1.0" encoding="UTF-8"?><rss version="2.0"
	xmlns:content="http://purl.org/rss/1.0/modules/content/"
	xmlns:dc="http://purl.org/dc/elements/1.1/"
	xmlns:atom="http://www.w3.org/2005/Atom"
	xmlns:sy="http://purl.org/rss/1.0/modules/syndication/"
	
	>
<channel>
	<title>
	Comments on: The Big Seminar for Your Right Investment	</title>
	<atom:link href="https://speakshacklearninghub.com/the-big-seminar-for-your-right-investment/feed/" rel="self" type="application/rss+xml" />
	<link>https://speakshacklearninghub.com/the-big-seminar-for-your-right-investment/</link>
	<description>SPOKEN ENGLISH ACADEMY</description>
	<lastBuildDate>Thu, 18 Jun 2020 08:06:53 +0000</lastBuildDate>
	<sy:updatePeriod>
	hourly	</sy:updatePeriod>
	<sy:updateFrequency>
	1	</sy:updateFrequency>
	<generator>https://wordpress.org/?v=5.9</generator>
</channel>
</rss>
