<?xml version="1.0" encoding="UTF-8"?><rss version="2.0"
	xmlns:content="http://purl.org/rss/1.0/modules/content/"
	xmlns:wfw="http://wellformedweb.org/CommentAPI/"
	xmlns:dc="http://purl.org/dc/elements/1.1/"
	xmlns:atom="http://www.w3.org/2005/Atom"
	xmlns:sy="http://purl.org/rss/1.0/modules/syndication/"
	xmlns:slash="http://purl.org/rss/1.0/modules/slash/"
	>

<channel>
	<title>SPEAK SHACK</title>
	<atom:link href="https://speakshacklearninghub.com/feed/" rel="self" type="application/rss+xml" />
	<link>https://speakshacklearninghub.com/</link>
	<description>SPOKEN ENGLISH ACADEMY</description>
	<lastBuildDate>Sat, 30 Oct 2021 18:40:18 +0000</lastBuildDate>
	<language>en-US</language>
	<sy:updatePeriod>
	hourly	</sy:updatePeriod>
	<sy:updateFrequency>
	1	</sy:updateFrequency>
	<generator>https://wordpress.org/?v=5.9.2</generator>

<image>
	<url>https://speakshacklearninghub.com/wp-content/uploads/2021/10/favicon.jpg</url>
	<title>SPEAK SHACK</title>
	<link>https://speakshacklearninghub.com/</link>
	<width>32</width>
	<height>32</height>
</image> 
	<item>
		<title>Hello world!</title>
		<link>https://speakshacklearninghub.com/hello-world/</link>
					<comments>https://speakshacklearninghub.com/hello-world/#comments</comments>
		
		<dc:creator><![CDATA[cloudnay]]></dc:creator>
		<pubDate>Sat, 30 Oct 2021 18:40:18 +0000</pubDate>
				<category><![CDATA[Uncategorized]]></category>
		<guid isPermaLink="false">https://speakshacklearninghub.com/?p=1</guid>

					<description><![CDATA[Welcome to WordPress. This is your first post. Edit or delete it, then start writing!]]></description>
										<content:encoded><![CDATA[
<p>Welcome to WordPress. This is your first post. Edit or delete it, then start writing!</p>
]]></content:encoded>
					
					<wfw:commentRss>https://speakshacklearninghub.com/hello-world/feed/</wfw:commentRss>
			<slash:comments>1</slash:comments>
		
		
			</item>
		<item>
		<title>Successful Marketing Ads for Your Business</title>
		<link>https://speakshacklearninghub.com/successful-marketing-ads-for-your-business/</link>
					<comments>https://speakshacklearninghub.com/successful-marketing-ads-for-your-business/#respond</comments>
		
		<dc:creator><![CDATA[cloudnay]]></dc:creator>
		<pubDate>Fri, 19 Jun 2020 10:49:35 +0000</pubDate>
				<category><![CDATA[Uncategorized]]></category>
		<guid isPermaLink="false">https://zakra-agency.sites.qsandbox.com/?p=318</guid>

					<description><![CDATA[Lorem ipsum dolor sit amet, Tetur adipiscing elit. Atempor scelerisque olor sit mauris.]]></description>
										<content:encoded><![CDATA[
<p>Lorem ipsum dolor sit amet, Tetur adipiscing elit. Atempor scelerisque olor sit mauris. Maecenas ac tincidunt ex. Nunc sit amet bibendum urna. Integer ac pretium eros. Phasellus vitae massa interdum, posuere augue vel, molestie purus. Vestibulum ante ipsum primis in faucibus orci luctus et ultrices posuere cubilia curae; Sed at libero ullamcorper, laoreet tortor eu, posuere erat. Etiam ultricies metus vitae consequat lacinia.</p>



<p>Ras dictum nisi eros, iaculis viverra libero tempor at. Vestibulum dictum euismod egestas. Etiam bibendum volutpat risus, sed posuere leo tincidunt vel. Aenean odio tortor, sollicitudin in ex dignissim, laoreet bibendum leo. Aliquam varius pellentesque ligula quis accumsan. Aliquam ultricies pharetra urna, vel mollis est facilisis in. Suspendisse ut nisl tempus, fringilla sapien sed, accumsan enim. Cras tristique magna nec tristique cursus. Sed commodo posuere diam, quis tincidunt sapien scelerisque sit amet. Proin nec porta quam. In vel lorem a nisl pretium imperdiet.</p>
]]></content:encoded>
					
					<wfw:commentRss>https://speakshacklearninghub.com/successful-marketing-ads-for-your-business/feed/</wfw:commentRss>
			<slash:comments>0</slash:comments>
		
		
			</item>
		<item>
		<title>Let’s Building Your Business from Scratch</title>
		<link>https://speakshacklearninghub.com/lets-building-your-business-from-scratch/</link>
					<comments>https://speakshacklearninghub.com/lets-building-your-business-from-scratch/#respond</comments>
		
		<dc:creator><![CDATA[cloudnay]]></dc:creator>
		<pubDate>Fri, 19 Jun 2020 10:48:25 +0000</pubDate>
				<category><![CDATA[Uncategorized]]></category>
		<guid isPermaLink="false">https://zakra-agency.sites.qsandbox.com/?p=316</guid>

					<description><![CDATA[Orem ipsum dolor sit amet, siy dffee consectetur adipiscing elit. Massa iaculis sem aliquet neque.]]></description>
										<content:encoded><![CDATA[
<p>Orem ipsum dolor sit amet, siy dffee consectetur adipiscing elit. Massa iaculis sem aliquet neque. Nullam diam metus, gravida et eleifend quis, viverra sit amet erat. Nam tempus ante sem, sit amet tempus purus pulvinar sit amet. Vestibulum ante ipsum primis in faucibus orci luctus et ultrices posuere cubilia curae; Nam vitae leo mauris. Quisque condimentum eget velit dictum rhoncus. Sed volutpat felis id mauris tempor ultrices. Sed interdum facilisis tellus. Etiam aliquet ante sed ex sagittis, in tristique arcu consequat.</p>



<p>Phasellus ultricies vestibulum tristique. Quisque a dui porttitor, tempus velit eu, viverra felis. Morbi dolor nisl, convallis a libero sit amet, feugiat malesuada nulla. Aliquam eget tortor semper, consectetur eros ac, eleifend velit. Duis at egestas massa, at sodales ipsum. Integer quis massa pulvinar, lacinia nisi non, euismod magna. Aliquam sed libero lacinia, varius magna non, mollis turpis.</p>
]]></content:encoded>
					
					<wfw:commentRss>https://speakshacklearninghub.com/lets-building-your-business-from-scratch/feed/</wfw:commentRss>
			<slash:comments>0</slash:comments>
		
		
			</item>
		<item>
		<title>The Best Place to Invest Your Money</title>
		<link>https://speakshacklearninghub.com/the-best-place-to-invest-your-money/</link>
					<comments>https://speakshacklearninghub.com/the-best-place-to-invest-your-money/#respond</comments>
		
		<dc:creator><![CDATA[cloudnay]]></dc:creator>
		<pubDate>Fri, 19 Jun 2020 10:47:23 +0000</pubDate>
				<category><![CDATA[Uncategorized]]></category>
		<guid isPermaLink="false">https://zakra-agency.sites.qsandbox.com/?p=314</guid>

					<description><![CDATA[Rem ipsum dolor sit amet, Nem consectetur adipiscing elit. A tempor scelerisque mauris.]]></description>
										<content:encoded><![CDATA[
<p>Rem ipsum dolor sit amet, Nem consectetur adipiscing elit. A tempor scelerisque mauris. Etiam eget interdum eros, eu pellentesque nulla. Morbi elementum dignissim ante, tempus venenatis eros molestie eu. Nulla justo orci, pellentesque quis nibh ac, tincidunt aliquam mauris. Quisque finibus eleifend dictum. Vestibulum quis posuere diam. Suspendisse sagittis non augue eu interdum. Curabitur scelerisque lacinia leo sit amet pulvinar. Integer a nisl sed eros dictum vestibulum id ac erat. Phasellus ut consectetur velit. Maecenas vehicula ante quis nisl pretium, ut vulputate metus malesuada. Maecenas efficitur nisi nec rutrum sollicitudin. Nam auctor eleifend dui a imperdiet. Maecenas accumsan purus nibh, ac congue nisl lacinia ut.</p>



<p>Cras dictum nisi eros, iaculis viverra libero tempor at. Vestibulum dictum euismod egestas. Etiam bibendum volutpat risus, sed posuere leo tincidunt vel. Aenean odio tortor, sollicitudin in ex dignissim, laoreet bibendum leo. Aliquam varius pellentesque ligula quis accumsan. Aliquam ultricies pharetra urna, vel mollis est facilisis in. Suspendisse ut nisl tempus, fringilla sapien sed, accumsan enim. Cras tristique magna nec tristique cursus. Sed commodo posuere diam, quis tincidunt sapien scelerisque sit amet. Proin nec porta quam. In vel lorem a nisl pretium imperdiet.</p>
]]></content:encoded>
					
					<wfw:commentRss>https://speakshacklearninghub.com/the-best-place-to-invest-your-money/feed/</wfw:commentRss>
			<slash:comments>0</slash:comments>
		
		
			</item>
		<item>
		<title>The Big Seminar for Your Right Investment</title>
		<link>https://speakshacklearninghub.com/the-big-seminar-for-your-right-investment/</link>
					<comments>https://speakshacklearninghub.com/the-big-seminar-for-your-right-investment/#respond</comments>
		
		<dc:creator><![CDATA[cloudnay]]></dc:creator>
		<pubDate>Thu, 18 Jun 2020 08:06:53 +0000</pubDate>
				<category><![CDATA[Uncategorized]]></category>
		<guid isPermaLink="false">https://zakra-agency.sites.qsandbox.com/?p=161</guid>

					<description><![CDATA[Rem ipsum dolor sit amet, Nem consectetur adipiscing elit. A tempor scelerisque mauris.]]></description>
										<content:encoded><![CDATA[
<p>Rem ipsum dolor sit amet, Nem consectetur adipiscing elit. A tempor scelerisque mauris.Vestibulum rhoncus semper pharetra. Quisque eu consequat lectus. Integer varius, tellus at mattis mattis, erat ex volutpat mi, ut posuere magna augue vitae libero. Duis dignissim, tellus in lobortis rutrum, ipsum dui venenatis ante, scelerisque fermentum purus arcu accumsan eros. Vestibulum faucibus nibh vitae aliquam fringilla. Curabitur eget neque tortor. Sed id consequat tellus. Aenean at vestibulum erat.</p>



<p>Nullam fringilla erat eget volutpat porttitor. Quisque at elit augue. Fusce ut felis at nisi convallis egestas sed id arcu. Phasellus varius bibendum lorem vitae vulputate. Morbi maximus neque nec ligula fringilla accumsan. Sed a pharetra ante. Fusce et convallis ipsum, id placerat urna. Donec vel tortor id diam ultricies viverra non a dolor. Sed dapibus magna sed velit congue placerat. Mauris feugiat quam quam. Donec vitae urna a augue hendrerit venenatis vitae nec quam. Quisque eu finibus orci, eget accumsan magna. Fusce nec massa leo.</p>



<p></p>
]]></content:encoded>
					
					<wfw:commentRss>https://speakshacklearninghub.com/the-big-seminar-for-your-right-investment/feed/</wfw:commentRss>
			<slash:comments>0</slash:comments>
		
		
			</item>
	</channel>
</rss>
